# J_y [A/mm^2] on the top surface of the plate (y = 72 mm, z = 19 mm): Fujiwara and Nakata
# (1990), Table 5(b), labeled there as line A4-B4 (z = 0); see the README.
# No.,x (mm),50Hz wt=0,50Hz wt=90,200Hz wt=0,200Hz wt=90
1,0.0,0.461,-0.662,1.057,-0.915
2,18.0,0.621,-0.644,1.597,-1.036
3,126.0,1.573,-1.027,4.163,-2.328
4,144.0,0.556,-0.757,1.143,-1.193
5,162.0,0.237,-0.364,0.672,-0.613
6,180.0,0.097,-0.149,0.307,-0.259
7,198.0,-0.034,0.015,-0.05,0.061
8,216.0,-0.157,0.154,-0.37,0.334
9,234.0,-0.305,0.311,-0.749,0.674
10,252.0,-0.478,0.508,-1.205,1.064
11,270.0,-0.66,0.747,-1.575,1.404
12,288.0,-1.217,1.034,-2.583,2.331
