# Position [m], Temperature [K]
0.000000000000000e+00,3.085554509751100e+02
2.727272727272727e-02,3.084902489356470e+02
5.454545454545454e-02,3.083199053367227e+02
8.181818181818182e-02,3.080359186488424e+02
1.090909090909091e-01,3.076399233415311e+02
1.363636363636364e-01,3.071275246136872e+02
1.636363636363636e-01,3.064869508296359e+02
1.909090909090909e-01,3.057374705044440e+02
2.181818181818182e-01,3.048563479458254e+02
2.454545454545455e-01,3.038612594248364e+02
2.727272727272727e-01,3.027227661056459e+02
3.000000000000000e-01,3.014685225870714e+02
3.272727272727273e-01,3.000753084627746e+02
3.545454545454546e-01,2.985565853718892e+02
3.818181818181818e-01,2.968915257714903e+02
4.090909090909091e-01,2.951208744165718e+02
4.363636363636363e-01,2.932065757326069e+02
4.636363636363636e-01,2.911818965151645e+02
4.909090909090909e-01,2.890313521152411e+02
5.181818181818182e-01,2.867832853650013e+02
5.454545454545454e-01,2.844395229112950e+02
5.727272727272728e-01,2.820187388215114e+02
6.000000000000000e-01,2.795353324733792e+02
