# x [mm], Re Bz [mT], Im Bz [mT]
0.000000000000000000e+00,-5.942445987298595328e-02,-1.601216170733372746e-01
2.999999999999999556e+00,-1.535095622811875060e-01,-1.444962138667996443e-01
5.999999999999999112e+00,-3.393410142985748834e-01,-1.251814722105316358e-01
9.000000000000000000e+00,-5.079695539776597490e-01,-7.475407077552652380e-02
1.199999999999999822e+01,-6.872331173368592117e-01,-3.179884033310146491e-02
1.499999999999999822e+01,-6.298547242251458789e-01,-6.673700235520090007e-02
1.800000000000000000e+01,-8.239605035359560681e-01,-6.363074003901633691e-02
2.099999999999999645e+01,-9.602358013499172618e-01,-3.346053921729433278e-02
2.399999999999999645e+01,-1.089221314792798934e+00,-1.237324194052134103e-03
2.699999999999999645e+01,-1.131129243809368745e+00,-3.131705359269149752e-02
2.999999999999999645e+01,-1.227723293296475005e+00,-2.306051549455433516e-02
3.299999999999999289e+01,-1.286744340575726175e+00,-2.268615232045080934e-02
3.600000000000000000e+01,-1.383418160647024608e+00,1.429783526507079003e-02
3.899999999999999289e+01,-1.419931575613262886e+00,-4.690437988113093509e-03
4.199999999999999289e+01,-1.444748546969193415e+00,-1.524267304269715656e-02
4.499999999999999289e+01,-1.457870602819129280e+00,-1.736013208798901225e-02
4.799999999999999289e+01,-1.459299271062234338e+00,-1.104407712578230755e-02
5.100000000000000000e+01,-1.501549846710606761e+00,-3.952332594155779505e-03
5.399999999999999289e+01,-1.529504768660931324e+00,2.992123251940229101e-02
5.699999999999999289e+01,-1.527958799760015918e+00,4.427781941005862892e-02
5.999999999999999289e+01,-1.529117339389261421e+00,6.493325113424415485e-02
6.299999999999998579e+01,-1.522702362319801939e+00,8.746047295361722429e-02
6.599999999999998579e+01,-1.508715390439849147e+00,1.118592505785408198e-01
6.899999999999998579e+01,-1.485129347523367338e+00,1.456702605356605396e-01
7.200000000000000000e+01,-1.416797480116083641e+00,1.561149625258963503e-01
7.500000000000000000e+01,-1.354192717930677192e+00,1.962897423272563224e-01
7.799999999999998579e+01,-1.205601843004166840e+00,2.284422805347478547e-01
8.099999999999998579e+01,-1.035826085520477280e+00,2.629970699465641881e-01
8.399999999999998579e+01,-8.847611038143688988e-01,3.124615646474710462e-01
8.700000000000000000e+01,-6.340363958362035257e-01,3.598849595350264163e-01
8.999999999999998579e+01,-2.948222916761611412e-01,3.563442410967733731e-01
9.299999999999998579e+01,3.640672847017542568e-02,4.728821539754262115e-01
9.599999999999998579e+01,4.089391464088467654e-01,5.903854949181877032e-01
9.899999999999998579e+01,1.097995385057539020e+00,5.991120948909072208e-01
1.020000000000000000e+02,1.842035718126633137e+00,6.525542693219356094e-01
1.049999999999999858e+02,2.558296062853440578e+00,7.042174596424607413e-01
1.079999999999999858e+02,3.246776406607320808e+00,7.541018385941035129e-01
1.109999999999999858e+02,3.907476736431890085e+00,8.022075788956753994e-01
1.139999999999999858e+02,4.581733509945417282e+00,8.619889193316352394e-01
1.169999999999999858e+02,5.060613012052282755e+00,9.127308480464354501e-01
1.199999999999999858e+02,5.573609869479589030e+00,9.699914591357808868e-01
1.229999999999999858e+02,5.940324769401972738e+00,1.018292344142838424e+00
1.259999999999999716e+02,6.241112072118133902e+00,1.058748208981930228e+00
1.289999999999999716e+02,6.321200969535809122e+00,1.121957915017691709e+00
1.319999999999999716e+02,6.400914878244729600e+00,1.159471438537457821e+00
1.349999999999999716e+02,6.394386267327809570e+00,1.191891572968313051e+00
1.379999999999999716e+02,6.301622612683921432e+00,1.219219403214727881e+00
1.410000000000000000e+02,6.304146414317873592e+00,1.242737352558914710e+00
1.440000000000000000e+02,6.216332520382755966e+00,1.250707456783611393e+00
1.470000000000000000e+02,6.129880727129393136e+00,1.255003313218044037e+00
1.500000000000000000e+02,6.044791574673964440e+00,1.255624672817826859e+00
1.529999999999999716e+02,5.938049348796234916e+00,1.248627813950141219e+00
1.559999999999999716e+02,5.854934606391804408e+00,1.240428802346872139e+00
1.589999999999999716e+02,5.775290209085271798e+00,1.215218932266902696e+00
1.619999999999999716e+02,5.698173979069810713e+00,1.212315058455291750e+00
1.649999999999999716e+02,5.617754162817060859e+00,1.192877210951986289e+00
1.679999999999999716e+02,5.557510343810823983e+00,1.177823704915598846e+00
1.709999999999999716e+02,5.496778950350180715e+00,1.165202198909923048e+00
1.740000000000000000e+02,5.444205174749862763e+00,1.152957524116742904e+00
1.770000000000000000e+02,5.399788427297725235e+00,1.141089630827913259e+00
1.799999999999999716e+02,5.363528118266340350e+00,1.129598469336134281e+00
1.829999999999999716e+02,5.335423657913469064e+00,1.118483989935017853e+00
1.859999999999999716e+02,5.315474456481713794e+00,1.107746142919034060e+00
1.889999999999999716e+02,5.309351580953596716e+00,1.101685593978774413e+00
1.919999999999999716e+02,5.303979087861987018e+00,1.094195916324913309e+00
1.949999999999999716e+02,5.289049978752287551e+00,1.090535552268264263e+00
1.979999999999999716e+02,5.298602004233694984e+00,1.085339350248684331e+00
2.009999999999999716e+02,5.307468242518838863e+00,1.082373679175052894e+00
2.040000000000000000e+02,5.316668553473088643e+00,1.081484317379467486e+00
2.069999999999999716e+02,5.332475586550935454e+00,1.081112711874733900e+00
2.099999999999999716e+02,5.354889383796391122e+00,1.081258866325411683e+00
2.129999999999999716e+02,5.383909987253313822e+00,1.081922784395980219e+00
2.159999999999999716e+02,5.419537438966052001e+00,1.083104469750982402e+00
2.189999999999999716e+02,5.461771780979389312e+00,1.084803926055009748e+00
2.219999999999999716e+02,5.495038367455373773e+00,1.086170882903048529e+00
2.249999999999999716e+02,5.550676993008841542e+00,1.090190744561394531e+00
2.279999999999999716e+02,5.610501720867755893e+00,1.096851431974304791e+00
2.309999999999999716e+02,5.663129516839325639e+00,1.097459998859199093e+00
2.339999999999999716e+02,5.722417685711033819e+00,1.102507836795795226e+00
2.369999999999999716e+02,5.779279950399415000e+00,1.107360398664095413e+00
2.399999999999999716e+02,5.837060390082677408e+00,1.112069961463900247e+00
2.429999999999999716e+02,5.898640116314030735e+00,1.116486068597828174e+00
2.459999999999999716e+02,5.951307827764188652e+00,1.120585469477365814e+00
2.489999999999999716e+02,5.991626558113313017e+00,1.118689951269790983e+00
2.519999999999999432e+02,6.019114196136044370e+00,1.118559694025507145e+00
2.549999999999999432e+02,6.010477413265101987e+00,1.113349271440653876e+00
2.579999999999999432e+02,5.959285991232617263e+00,1.104858874930889856e+00
2.609999999999999432e+02,5.915760286050459449e+00,1.084509094116958616e+00
2.639999999999999432e+02,5.794093869882884995e+00,1.059513498621109440e+00
2.669999999999999432e+02,5.636936256714470517e+00,1.016391920298891138e+00
2.699999999999999432e+02,5.364198911703003780e+00,9.660496654901157276e-01
2.729999999999999432e+02,5.048012052693750640e+00,8.940663101597730034e-01
2.759999999999999432e+02,4.688378004374073704e+00,8.004430121533959719e-01
2.789999999999999432e+02,4.285299091271427940e+00,6.851809292390297346e-01
2.820000000000000000e+02,3.803813386384196082e+00,5.375315868459241697e-01
2.850000000000000000e+02,3.473470553675736205e+00,3.852928015286572472e-01
2.880000000000000000e+02,3.203493908148671743e+00,2.049324365343856702e-01
