# xshift [um], ncells, capacitance [F]
0.0, 27696, 5.7441150173e-15
0.0, 37003, 5.2409078811e-15
0.0, 43880, 5.1959387939e-15
0.0, 82778, 5.0609830643e-15
0.0, 122030, 5.0290653345e-15
0.5, 27430, 5.4432354643e-15
0.5, 38044, 4.9922601428e-15
0.5, 50828, 4.9070519054e-15
0.5, 88102, 4.8256947003e-15
0.5, 148504, 4.7896530236e-15
1.0, 27449, 5.1978699691e-15
1.0, 37265, 4.7711285281e-15
1.0, 47993, 4.7039815573e-15
1.0, 85332, 4.6295002859e-15
1.0, 135339, 4.6036966351e-15
1.5, 27478, 4.9789676504e-15
1.5, 38057, 4.6006075945e-15
1.5, 46983, 4.5437891766e-15
1.5, 86308, 4.4623055911e-15
1.5, 132772, 4.4397147641e-15
2.0, 27571, 4.8261349256e-15
2.0, 35433, 4.4555627747e-15
2.0, 42324, 4.4217304109e-15
2.0, 80842, 4.3137293973e-15
2.0, 116842, 4.2919674138e-15
2.5, 27503, 4.6551178290e-15
2.5, 35615, 4.3056706534e-15
2.5, 45004, 4.2520786277e-15
2.5, 83582, 4.1651477899e-15
2.5, 124163, 4.1370788586e-15
3.0, 27820, 4.4962712393e-15
3.0, 35734, 4.1592834797e-15
3.0, 45317, 4.1040306440e-15
3.0, 83372, 4.0238203844e-15
3.0, 131144, 3.9952207672e-15
3.5, 27765, 4.3215858341e-15
3.5, 35990, 4.0038938685e-15
3.5, 42125, 3.9666236219e-15
3.5, 82085, 3.8806097915e-15
3.5, 129259, 3.8526408088e-15
4.0, 27647, 4.1864404918e-15
4.0, 37574, 3.8527356897e-15
4.0, 45668, 3.8024609968e-15
4.0, 82929, 3.7381519756e-15
4.0, 136903, 3.7136103293e-15
4.5, 27789, 3.9874858445e-15
4.5, 36702, 3.7085954714e-15
4.5, 44154, 3.6697252890e-15
4.5, 79941, 3.6014220639e-15
4.5, 113025, 3.5852068875e-15
5.0, 27564, 3.8741869742e-15
5.0, 36704, 3.5859745060e-15
5.0, 49732, 3.5164241132e-15
5.0, 81702, 3.4703023532e-15
5.0, 141928, 3.4447998332e-15
5.5, 27689, 3.7165164793e-15
5.5, 35480, 3.4471227775e-15
5.5, 44669, 3.4011499967e-15
5.5, 71107, 3.3413718999e-15
5.5, 114112, 3.3210236397e-15
6.0, 27581, 3.5583870096e-15
6.0, 34373, 3.3117283743e-15
6.0, 40651, 3.2895586265e-15
6.0, 70832, 3.2087357723e-15
6.0, 112327, 3.1846410264e-15
6.5, 27471, 3.4347253386e-15
6.5, 34747, 3.1710583313e-15
6.5, 41660, 3.1360259746e-15
6.5, 73959, 3.0738819147e-15
6.5, 117941, 3.0538373702e-15
7.0, 27406, 3.2789241085e-15
7.0, 34408, 3.0324776372e-15
7.0, 42312, 2.9909698234e-15
7.0, 72955, 2.9402894720e-15
7.0, 119176, 2.9242610076e-15
7.5, 27716, 3.1645258567e-15
7.5, 34841, 2.9089209296e-15
7.5, 43112, 2.8592535542e-15
7.5, 68295, 2.8182637950e-15
7.5, 111244, 2.8004891274e-15
8.0, 27556, 2.9717370134e-15
8.0, 33792, 2.7827377607e-15
8.0, 41578, 2.7419597066e-15
8.0, 68053, 2.6976667519e-15
8.0, 105714, 2.6823633805e-15
