0.000000000000000000e+00,1.000000000000000000e+00
7.058823529411764497e+00,1.000000000000000000e+00
1.411764705882352899e+01,1.000000000000000000e+00
2.117647058823529349e+01,1.000000000000000000e+00
2.823529411764705799e+01,9.999999999999998890e-01
3.529411764705882604e+01,9.999999999999998890e-01
4.235294117647058698e+01,9.999999999999998890e-01
4.941176470588234793e+01,9.999999999999997780e-01
5.647058823529411598e+01,9.999999999999996669e-01
6.352941176470588402e+01,9.999999999999995559e-01
7.058823529411765207e+01,9.999999999999993339e-01
7.764705882352940591e+01,9.999999999999991118e-01
8.470588235294117396e+01,9.999999999999986677e-01
9.176470588235294201e+01,9.999999999999981126e-01
9.882352941176469585e+01,9.999999999999973355e-01
1.058823529411764639e+02,9.999999999999962252e-01
1.129411764705882320e+02,9.999999999999945599e-01
1.200000000000000000e+02,9.999999999999923395e-01
1.270588235294117680e+02,9.999999999999891198e-01
1.341176470588235361e+02,9.999999999999844569e-01
1.411764705882353041e+02,9.999999999999779066e-01
1.482352941176470438e+02,9.999999999999684697e-01
1.552941176470588118e+02,9.999999999999551470e-01
1.623529411764705799e+02,9.999999999999361622e-01
1.694117647058823479e+02,9.999999999999091838e-01
1.764705882352941160e+02,9.999999999998706590e-01
1.835294117647058840e+02,9.999999999998159250e-01
1.905882352941176521e+02,9.999999999997379874e-01
1.976470588235293917e+02,9.999999999996271871e-01
2.047058823529411598e+02,9.999999999994693134e-01
2.117647058823529278e+02,9.999999999992448263e-01
2.188235294117646959e+02,9.999999999989250821e-01
2.258823529411764639e+02,9.999999999984702237e-01
2.329411764705882320e+02,9.999999999978227416e-01
2.400000000000000000e+02,9.999999999969011455e-01
2.470588235294117680e+02,9.999999999955896390e-01
2.541176470588235361e+02,9.999999999937229100e-01
2.611764705882353041e+02,9.999999999910661463e-01
2.682352941176470722e+02,9.999999999872849488e-01
2.752941176470588402e+02,9.999999999819033647e-01
2.823529411764706083e+02,9.999999999742439361e-01
2.894117647058823195e+02,9.999999999633427672e-01
2.964705882352940876e+02,9.999999999478277335e-01
3.035294117647058556e+02,9.999999999257459526e-01
3.105882352941176237e+02,9.999999998943182034e-01
3.176470588235293917e+02,9.999999998495886500e-01
3.247058823529411598e+02,9.999999997859273515e-01
3.317647058823529278e+02,9.999999996953217174e-01
3.388235294117646959e+02,9.999999995663674257e-01
3.458823529411764639e+02,9.999999993828335709e-01
3.529411764705882320e+02,9.999999991216194095e-01
3.600000000000000000e+02,9.999999987498471299e-01
3.670588235294117680e+02,9.999999982207231630e-01
3.741176470588235361e+02,9.999999974676487824e-01
3.811764705882353041e+02,9.999999963958376981e-01
3.882352941176470722e+02,9.999999948703853780e-01
3.952941176470587834e+02,9.999999926992891863e-01
4.023529411764705515e+02,9.999999896092821583e-01
4.094117647058823195e+02,9.999999852114376253e-01
4.164705882352940876e+02,9.999999789522167060e-01
4.235294117647058556e+02,9.999999700437967043e-01
4.305882352941176237e+02,9.999999573649108742e-01
4.376470588235293917e+02,9.999999393197194220e-01
4.447058823529411598e+02,9.999999136369471797e-01
4.517647058823529278e+02,9.999998770840078377e-01
4.588235294117646959e+02,9.999998250601312977e-01
4.658823529411764639e+02,9.999997510172831117e-01
4.729411764705882320e+02,9.999996456359904196e-01
4.800000000000000000e+02,9.999994956523374778e-01
4.870588235294117680e+02,9.999992821884902128e-01
4.941176470588235361e+02,9.999989783766202178e-01
5.011764705882353041e+02,9.999985459771599805e-01
5.082352941176470722e+02,9.999979305657435980e-01
5.152941176470587834e+02,9.999970546830325713e-01
5.223529411764706083e+02,9.999958080852234810e-01
5.294117647058823195e+02,9.999940338681071461e-01
5.364705882352941444e+02,9.999915087181729945e-01
5.435294117647058556e+02,9.999879148050426769e-01
5.505882352941176805e+02,9.999827997774503041e-01
5.576470588235293917e+02,9.999755198276235602e-01
5.647058823529412166e+02,9.999651586578109930e-01
5.717647058823529278e+02,9.999504121496015641e-01
5.788235294117646390e+02,9.999294242198304428e-01
5.858823529411764639e+02,9.998995532029215649e-01
5.929411764705881751e+02,9.998570393551571289e-01
6.000000000000000000e+02,9.997965316309893602e-01
6.070588235294117112e+02,9.997104141686452561e-01
6.141176470588235361e+02,9.995878477125008654e-01
6.211764705882352473e+02,9.994134053199493772e-01
6.282352941176470722e+02,9.991651306347186789e-01
6.352941176470587834e+02,9.988117743293798423e-01
6.423529411764706083e+02,9.983088608792768381e-01
6.494117647058823195e+02,9.975930906086654115e-01
6.564705882352941444e+02,9.965743724173223850e-01
6.635294117647058556e+02,9.951244843792416139e-01
6.705882352941176805e+02,9.930609349689790699e-01
6.776470588235293917e+02,9.901239935936769765e-01
6.847058823529411029e+02,9.859439993570167093e-01
6.917647058823529278e+02,9.799948333418401214e-01
6.988235294117646390e+02,9.715276981564076042e-01
7.058823529411764639e+02,9.594768698444219313e-01
7.129411764705881751e+02,9.423255595340823687e-01
7.200000000000000000e+02,9.179150013761011584e-01
7.270588235294117112e+02,8.831727374439430900e-01
7.341176470588235361e+02,8.337258999189630648e-01
7.411764705882352473e+02,7.633508159579386332e-01
7.482352941176470722e+02,6.631896592404969981e-01
7.552941176470587834e+02,5.206355513046301287e-01
7.623529411764706083e+02,3.177457848982810917e-01
7.694117647058823195e+02,4.679061630278043282e-02
7.764705882352941444e+02,1.372001896735146722e-03
7.835294117647058556e+02,4.023005793435318277e-05
7.905882352941175668e+02,1.179632160314602525e-06
7.976470588235293917e+02,3.458936191240635339e-08
8.047058823529411029e+02,1.014234773989558550e-09
8.117647058823529278e+02,2.973955343190742542e-11
8.188235294117646390e+02,8.720279180039553661e-13
8.258823529411764639e+02,2.556974137218903792e-14
8.329411764705881751e+02,7.497600252721580719e-16
8.400000000000000000e+02,2.198458276576420618e-17
8.470588235294117112e+02,6.446354341301690381e-19
8.541176470588235361e+02,1.890210277646461659e-20
8.611764705882352473e+02,5.542504653877054682e-22
8.682352941176470722e+02,1.625182034059001326e-23
8.752941176470587834e+02,4.765384620797273431e-25
8.823529411764706083e+02,1.397313661375698367e-26
8.894117647058823195e+02,4.097225352485000731e-28
8.964705882352941444e+02,1.201394937520135204e-29
9.035294117647058556e+02,3.522749352860681687e-31
9.105882352941175668e+02,1.032946170781776482e-32
9.176470588235293917e+02,3.028821198607913688e-34
9.247058823529411029e+02,8.881157714340642316e-36
9.317647058823529278e+02,2.604147197042855861e-37
9.388235294117646390e+02,7.635921849373472465e-39
9.458823529411764639e+02,2.239017155249397980e-40
9.529411764705881751e+02,6.565281730735267085e-42
9.600000000000000000e+02,1.925082356018066861e-43
9.670588235294117112e+02,5.644757116976368505e-45
9.741176470588235361e+02,1.655164663997081978e-46
9.811764705882352473e+02,4.853300165396998449e-48
9.882352941176470722e+02,1.423092397257887120e-49
9.952941176470587834e+02,4.172814172040039078e-51
1.002352941176470608e+03,1.223559211469918532e-52
1.009411764705882320e+03,3.587739789622795686e-54
1.016470588235294144e+03,1.052002770064402727e-55
1.023529411764705856e+03,3.084699262260676022e-57
1.030588235294117567e+03,9.045004261736784960e-59
1.037647058823529278e+03,2.652190542389507585e-60
1.044705882352941217e+03,7.776795311082464573e-62
1.051764705882352928e+03,2.280324295855174323e-63
1.058823529411764639e+03,6.686403185714833421e-65
1.065882352941176350e+03,1.960597781780461469e-66
1.072941176470588289e+03,5.748896013531493273e-68
1.080000000000000000e+03,1.685700436954938076e-69
1.087058823529411711e+03,4.942837644761134706e-71
1.094117647058823422e+03,1.449346719432624096e-72
1.101176470588235361e+03,4.249797513289319865e-74
1.108235294117647072e+03,1.246132389290010288e-75
1.115294117647058783e+03,3.653929220820065129e-77
1.122352941176470495e+03,1.071410940403341891e-78
1.129411764705882433e+03,3.141608208158477201e-80
1.136470588235294144e+03,9.211873578455627304e-82
1.143529411764705856e+03,2.701120228966762866e-83
1.150588235294117567e+03,7.920267716653404538e-85
1.157647058823529278e+03,2.322393502915564945e-86
1.164705882352941217e+03,6.809759184078143108e-88
1.171764705882352928e+03,1.996768423909419657e-89
1.178823529411764639e+03,5.854956145944024134e-91
1.185882352941176350e+03,1.716799557747953602e-92
1.192941176470588289e+03,5.034026981611164226e-94
1.200000000000000000e+03,1.476085401887814293e-95
1.207058823529411711e+03,4.328201103461240091e-97
1.214117647058823422e+03,1.269122014759066786e-98
1.221176470588235361e+03,3.721339766439884167e-100
1.228235294117647072e+03,1.091177167856270526e-101
1.235294117647058783e+03,3.199567054824221585e-103
1.242352941176470495e+03,9.381821430912662098e-105
1.249411764705882206e+03,2.750952608691856172e-106
1.256470588235294144e+03,8.066387013434640021e-108
1.263529411764705856e+03,2.365238835628474746e-109
1.270588235294117567e+03,6.935390950431332965e-111
1.277647058823529278e+03,2.033606370349661784e-112
1.284705882352941217e+03,5.962972958675173610e-114
1.291764705882352928e+03,1.748472419457540306e-115
1.298823529411764639e+03,5.126898650707498440e-117
1.305882352941176350e+03,1.503317380481257990e-118
1.312941176470588289e+03,4.408051144418284609e-120
1.320000000000000000e+03,1.292535770828986397e-121
1.327058823529411711e+03,3.789993954557330216e-123
1.334117647058823422e+03,1.111308058141286051e-124
1.341176470588235361e+03,3.258595171648139851e-126
1.348235294117647072e+03,9.554904614342140904e-128
1.355294117647058783e+03,2.801704335153750354e-129
1.362352941176470495e+03,8.215202033348359961e-131
1.369411764705882206e+03,2.408874612567831051e-132
1.376470588235294144e+03,7.063340469921587229e-134
1.383529411764705856e+03,2.071123932052852661e-135
1.390588235294117567e+03,6.072982550096001592e-137
1.397647058823529278e+03,1.780729606905501893e-138
1.404705882352941217e+03,5.221483689030746975e-140
1.411764705882352928e+03,1.531051755925797493e-141
1.418823529411764639e+03,4.489374321417448428e-143
1.425882352941176350e+03,1.316381482193287534e-144
1.432941176470588289e+03,3.859914728861542236e-146
1.440000000000000000e+03,1.131810338843426190e-147
1.447058823529411711e+03,3.318712285363600977e-149
1.454117647058823422e+03,9.731180971785541007e-151
1.461176470588235361e+03,2.853392369180785509e-152
1.468235294117647072e+03,8.366762509202559462e-154
1.475294117647058783e+03,2.453315416466731260e-155
1.482352941176470495e+03,7.193650502274125415e-157
1.489411764705882206e+03,2.109333647093662326e-158
1.496470588235294144e+03,6.185021684545827720e-160
1.503529411764705856e+03,1.813581900189914083e-161
1.510588235294117567e+03,5.317813706158379414e-163
1.517647058823529278e+03,1.559297796832036954e-164
1.524705882352941217e+03,4.572197812024206731e-166
1.531764705882352928e+03,1.340667117900965194e-167
1.538823529411764639e+03,3.931125456326526778e-169
1.545882352941176350e+03,1.152690861663992038e-170
1.552941176470588289e+03,3.379938486636691022e-172
1.560000000000000000e+03,9.910709413413657263e-174
1.567058823529411711e+03,2.906033984507953829e-175
1.574117647058823422e+03,8.521119091318768269e-177
1.581176470588235134e+03,2.498576099093051034e-178
1.588235294117647072e+03,7.326364596075795561e-180
1.595294117647058783e+03,2.148248284858022879e-181
1.602352941176470495e+03,6.299127804624060445e-183
1.609411764705882206e+03,1.847040278289355825e-184
1.616470588235294144e+03,5.415920894823998851e-186
1.623529411764705856e+03,1.588064942804549068e-187
1.630588235294117567e+03,4.656549295199356847e-189
1.637647058823529278e+03,1.365400794020948055e-190
1.644705882352941217e+03,4.003649935016516831e-192
1.651764705882352928e+03,1.173956604709245823e-193
1.658823529411764639e+03,3.442294236783154367e-195
1.665882352941176350e+03,1.009354993622209855e-196
1.672941176470588289e+03,2.959646773548637668e-198
1.680000000000000000e+03,8.678323364451439865e-200
1.687058823529411711e+03,2.544671786210574928e-201
1.694117647058823422e+03,7.461527103335159348e-203
1.701176470588235134e+03,2.187880850312458867e-204
1.708235294117647072e+03,6.415339043697645479e-206
1.715294117647058783e+03,1.881115922730361685e-207
1.722352941176470495e+03,5.515838041679149573e-209
1.729411764705882206e+03,1.617362807597471726e-210
1.736470588235294144e+03,4.742456960543931326e-212
1.743529411764705856e+03,1.390590776352906831e-213
1.750588235294117567e+03,4.077512402044006575e-215
1.757647058823529278e+03,1.195614674823880561e-216
1.764705882352941217e+03,3.505800374604135653e-218
1.771764705882352928e+03,1.027976364407517836e-219
1.778823529411764639e+03,3.014248653275989771e-221
1.785882352941176350e+03,8.838427865034358406e-223
1.792941176470588289e+03,2.591617882635720415e-224
1.800000000000000000e+03,7.599183194297539905e-226
