# Frequency [Hz], Real(S21), Imag(S21)
1.000000000000000000e+10, -1.249262072727767500e-02, 1.173497938896667439e-02
1.001000000000000000e+10, -1.252421118530430005e-02, 1.213150499804253012e-02
1.002000000000000000e+10, -1.255895881043661393e-02, 1.254431071914274831e-02
1.003000000000000000e+10, -1.188875313166304869e-02, 1.227072245655655598e-02
1.004000000000000000e+10, -1.269265881865711681e-02, 1.347943831831602268e-02
1.005000000000000000e+10, -1.275062634526649696e-02, 1.396464034758332362e-02
1.006000000000000000e+10, -1.282160973755676163e-02, 1.448305089321632114e-02
1.007000000000000000e+10, -1.290229160931940372e-02, 1.503363354820658193e-02
1.008000000000000000e+10, -1.299227282748965408e-02, 1.561849658332399235e-02
1.009000000000000000e+10, -1.309167308898417752e-02, 1.624055278437492450e-02
1.010000000000000000e+10, -1.320079759708952388e-02, 1.690323684001233256e-02
1.011000000000000000e+10, -1.332005840825553449e-02, 1.761048475851402159e-02
1.012000000000000000e+10, -1.344995263603344579e-02, 1.836678127520280368e-02
1.013000000000000000e+10, -1.359105833796339299e-02, 1.917723924376569036e-02
1.014000000000000000e+10, -1.374403754046276890e-02, 2.004770424313718005e-02
1.015000000000000000e+10, -1.390964298314841321e-02, 2.098488581619854451e-02
1.016000000000000000e+10, -1.408872734393502857e-02, 2.199652042527995566e-02
1.017000000000000000e+10, -1.428225446206209809e-02, 2.309157401738013218e-02
1.018000000000000000e+10, -1.449131233286719139e-02, 2.428049519000763032e-02
1.019000000000000000e+10, -1.471712767318099704e-02, 2.557553394991134849e-02
1.020000000000000000e+10, -1.496108171103462982e-02, 2.699114654596759116e-02
1.021000000000000000e+10, -1.522472650560193624e-02, 2.854451460441507701e-02
1.022000000000000000e+10, -1.550980044292941951e-02, 3.025621794006403895e-02
1.023000000000000000e+10, -1.581824036360694741e-02, 3.215111673159395944e-02
1.024000000000000000e+10, -1.615218566041232845e-02, 3.425952305145683885e-02
1.025000000000000000e+10, -1.651396590020528035e-02, 3.661877862758314978e-02
1.026000000000000000e+10, -1.690605669362469157e-02, 3.927541285512159419e-02
1.027000000000000000e+10, -1.733097600740188607e-02, 4.228814560183412341e-02
1.028000000000000000e+10, -1.779106965862916126e-02, 4.573214637129709159e-02
1.029000000000000000e+10, -1.828808970047110169e-02, 4.970520685352593226e-02
1.030000000000000000e+10, -1.882238031786871713e-02, 5.433690661508653458e-02
1.031000000000000000e+10, -1.939130318132235159e-02, 5.980260554019959512e-02
1.032000000000000000e+10, -1.998614351606934486e-02, 6.634549544693892076e-02
1.033000000000000000e+10, -2.058585967884958914e-02, 7.431265951276593007e-02
1.034000000000000000e+10, -2.114394232183370789e-02, 8.421664663120936867e-02
1.035000000000000000e+10, -2.155927135776470119e-02, 9.684615966956851285e-02
1.036000000000000000e+10, -2.160679553122794166e-02, 1.134777161800775425e-01
1.037000000000000000e+10, -2.075676794160371055e-02, 1.363119890280815594e-01
1.038000000000000000e+10, -1.764184281639180965e-02, 1.694598249924086919e-01
1.039000000000000000e+10, -8.197572943315701785e-03, 2.214259124863350581e-01
1.040000000000000000e+10, 2.258706085152081128e-02, 3.119993144001837471e-01
1.041000000000000000e+10, 1.518255554101992089e-01, 4.858564217598266288e-01
1.042000000000000000e+10, 7.918257218431753452e-01, 5.039358199311915198e-01
1.043000000000000000e+10, 6.204728388831517449e-01, -3.812347638457297405e-01
1.044000000000000000e+10, 2.355682186140386492e-01, -3.358218015749196983e-01
1.045000000000000000e+10, 1.210256158722071013e-01, -2.479879950966714930e-01
1.046000000000000000e+10, 7.471465550605840833e-02, -1.933400502702647128e-01
1.047000000000000000e+10, 5.111229855288176860e-02, -1.581786197696425367e-01
1.048000000000000000e+10, 3.719288272914295090e-02, -1.340333706807304848e-01
1.049000000000000000e+10, 2.813756895253505599e-02, -1.165416426727935578e-01
1.050000000000000000e+10, 2.182306937599889571e-02, -1.033298744697576377e-01
1.051000000000000000e+10, 1.718512746466852731e-02, -9.302058451092426461e-02
1.052000000000000000e+10, 1.363875377650832117e-02, -8.476502937546009919e-02
1.053000000000000000e+10, 1.083840461096551716e-02, -7.801386938113302749e-02
1.054000000000000000e+10, 8.568019889666775649e-03, -7.239663680627396458e-02
1.055000000000000000e+10, 6.686108305771347113e-03, -6.765461616792026178e-02
1.056000000000000000e+10, 5.096326273907791395e-03, -6.360110774743346629e-02
1.057000000000000000e+10, 3.730000000400135029e-03, -6.009001633578203716e-02
1.058000000000000000e+10, 2.546322095702798719e-03, -5.708711778357114519e-02
1.059000000000000000e+10, 1.495703118073801090e-03, -5.439718322702460918e-02
1.060000000000000000e+10, 5.592117116224910736e-04, -5.202996885257246684e-02
1.061000000000000000e+10, -2.852839407395928325e-04, -4.992639228600997264e-02
1.062000000000000000e+10, -1.054242483198886225e-03, -4.804646935345328190e-02
1.063000000000000000e+10, -1.760639754883304561e-03, -4.635843008743883303e-02
1.064000000000000000e+10, -2.414883488324165873e-03, -4.483640933717350507e-02
1.065000000000000000e+10, -3.025432074815205888e-03, -4.345908347249571174e-02
1.066000000000000000e+10, -3.599240399488204314e-03, -4.220870428545230729e-02
1.067000000000000000e+10, -4.142089106582029501e-03, -4.107037831511025500e-02
1.068000000000000000e+10, -4.658831871606760287e-03, -4.003151649771014009e-02
1.069000000000000000e+10, -5.153583683622130034e-03, -3.908140746265321291e-02
1.070000000000000000e+10, -5.629865981782356324e-03, -3.821088275253130273e-02
1.071000000000000000e+10, -6.090719797656818715e-03, -3.741205149603789304e-02
1.072000000000000000e+10, -6.538794883731440140e-03, -3.667808822661949159e-02
1.073000000000000000e+10, -6.976420620858406023e-03, -3.600306181141804673e-02
1.074000000000000000e+10, -7.405662963117968546e-03, -3.538179648839945984e-02
1.075000000000000000e+10, -7.828370587252594937e-03, -3.480975820141727489e-02
1.076000000000000000e+10, -8.246212627699582576e-03, -3.428296102908311854e-02
1.077000000000000000e+10, -8.660709805582882462e-03, -3.379788969415781913e-02
1.078000000000000000e+10, -9.073260338286478349e-03, -3.335143503246754126e-02
1.079000000000000000e+10, -9.485161702823955918e-03, -3.294083997530402458e-02
1.080000000000000000e+10, -9.897629091188662326e-03, -3.256365411436156626e-02
1.081000000000000000e+10, -1.031181121809393413e-02, -3.221769531431116496e-02
1.082000000000000000e+10, -1.072880400633248986e-02, -3.190101714551964174e-02
1.083000000000000000e+10, -1.114966257124877687e-02, -3.161188114893751649e-02
1.084000000000000000e+10, -1.157541184603974073e-02, -3.134873313387674665e-02
1.085000000000000000e+10, -1.200705612789975014e-02, -3.111018285844885725e-02
1.086000000000000000e+10, -1.244558777719439145e-02, -3.089498656105543403e-02
1.087000000000000000e+10, -1.289199526486280341e-02, -3.070203190646966437e-02
1.088000000000000000e+10, -1.334727073466677322e-02, -3.053032498646580592e-02
1.089000000000000000e+10, -1.381241722507262938e-02, -3.037897907686821011e-02
1.090000000000000000e+10, -1.428845567913352918e-02, -3.024720490335975481e-02
1.091000000000000000e+10, -1.477643185872635698e-02, -3.013430220946173785e-02
1.092000000000000000e+10, -1.527742327133262308e-02, -3.003965245408964438e-02
1.093000000000000000e+10, -1.579254621247984727e-02, -2.996271249395004305e-02
1.094000000000000000e+10, -1.632296302488573519e-02, -2.990300912928723839e-02
1.095000000000000000e+10, -1.686988967580211815e-02, -2.986013441078278971e-02
1.096000000000000000e+10, -1.743460375723580175e-02, -2.983374162165156399e-02
1.097000000000000000e+10, -1.801845301926294565e-02, -2.982354186252561198e-02
1.098000000000000000e+10, -1.862286455491628245e-02, -2.982930117816758736e-02
1.099000000000000000e+10, -1.924935476640301027e-02, -2.985083817491844885e-02
1.100000000000000000e+10, -1.989954025639466620e-02, -2.988802208576039898e-02
1.101000000000000000e+10, -2.057514980622666967e-02, -2.994077124710632296e-02
1.102000000000000000e+10, -2.127803762458414100e-02, -3.000905195711297407e-02
1.103000000000000000e+10, -2.201019807711076387e-02, -3.009287769031009085e-02
1.104000000000000000e+10, -2.277378213983486527e-02, -3.019230864734184089e-02
1.105000000000000000e+10, -2.357111585880749399e-02, -3.030745162166028489e-02
1.106000000000000000e+10, -2.440472114585686206e-02, -3.043846016735443291e-02
1.107000000000000000e+10, -2.527733929864783499e-02, -3.058553505346536805e-02
1.108000000000000000e+10, -2.619195770343554774e-02, -3.074892499024824838e-02
1.109000000000000000e+10, -2.715184026503911566e-02, -3.092892761168723401e-02
1.110000000000000000e+10, -2.816056221384327998e-02, -3.112589069555602578e-02
1.111000000000000000e+10, -2.922205006930140778e-02, -3.134021359734746881e-02
1.112000000000000000e+10, -3.034062769958507932e-02, -3.157234886652725975e-02
1.113000000000000000e+10, -3.152106961662571455e-02, -3.182280400218465144e-02
1.114000000000000000e+10, -3.276866289565580348e-02, -3.209214328939374167e-02
1.115000000000000000e+10, -3.408927942427516372e-02, -3.238098963590108070e-02
1.116000000000000000e+10, -3.548946058940754406e-02, -3.269002630058178566e-02
1.117000000000000000e+10, -3.697651703252385902e-02, -3.301999836963519924e-02
1.118000000000000000e+10, -3.855864679099881703e-02, -3.337171379555513295e-02
1.119000000000000000e+10, -4.024507607233659273e-02, -3.374604377521898263e-02
1.120000000000000000e+10, -4.204622820957617385e-02, -3.414392223065954024e-02
1.121000000000000000e+10, -4.397392827404285331e-02, -3.456634423593935024e-02
1.122000000000000000e+10, -4.604165392541929858e-02, -3.501436359237034002e-02
1.123000000000000000e+10, -4.826484871968227813e-02, -3.548909093473526927e-02
1.124000000000000000e+10, -5.066132617917941394e-02, -3.599169746794456115e-02
1.125000000000000000e+10, -5.325182471148246638e-02, -3.652344180883358715e-02
1.126000000000000000e+10, -5.606088023132550779e-02, -3.708578459084383577e-02
1.127000000000000000e+10, -5.911867134035081461e-02, -3.768088366843814346e-02
1.128000000000000000e+10, -6.246805565385889214e-02, -3.831446158023001786e-02
1.129000000000000000e+10, -6.626294816162303647e-02, -3.904224080233942296e-02
1.130000000000000000e+10, -6.988043777181894567e-02, -3.954385389783515031e-02
1.131000000000000000e+10, -7.438502754835155106e-02, -4.030210964290455861e-02
1.132000000000000000e+10, -7.929289347309516345e-02, -4.105114998750451771e-02
1.133000000000000000e+10, -8.474584849059091374e-02, -4.181603730876758129e-02
1.134000000000000000e+10, -9.084965910296788349e-02, -4.259258015521389523e-02
1.135000000000000000e+10, -9.772814749280581137e-02, -4.336898762344512659e-02
1.136000000000000000e+10, -1.055351457932831721e-01, -4.412538501992695900e-02
1.137000000000000000e+10, -1.144660417797417201e-01, -4.483016158314990368e-02
1.138000000000000000e+10, -1.247732066898200320e-01, -4.543346680927781017e-02
1.139000000000000000e+10, -1.367881075510292144e-01, -4.585622791240610147e-02
1.140000000000000000e+10, -1.509539734177665904e-01, -4.597130465162681257e-02
1.141000000000000000e+10, -1.678751923917951305e-01, -4.557016472660681272e-02
1.142000000000000000e+10, -1.883936118539337456e-01, -4.430172894760030927e-02
1.143000000000000000e+10, -2.137084916522069278e-01, -4.155516727826221585e-02
1.144000000000000000e+10, -2.455664826729741235e-01, -3.622371741384834698e-02
1.145000000000000000e+10, -2.865557931546481862e-01, -2.620070232085616735e-02
1.146000000000000000e+10, -3.405077700664118079e-01, -7.234151328456890455e-03
1.147000000000000000e+10, -4.127279447796305401e-01, 2.984139220685301866e-02
1.148000000000000000e+10, -5.080872751526558373e-01, 1.060009587820464755e-01
1.149000000000000000e+10, -6.159698127310999638e-01, 2.689329720200853702e-01
1.150000000000000000e+10, -6.391836665869079503e-01, 5.909891020670089423e-01
1.151000000000000000e+10, -3.253098602396902184e-01, 9.436213951511326359e-01
1.152000000000000000e+10, 1.504865194648142557e-01, 8.856485255827126757e-01
1.153000000000000000e+10, 3.478397260115677070e-01, 6.161107876431561881e-01
1.154000000000000000e+10, 3.685300138769128098e-01, 4.145093419001485424e-01
1.155000000000000000e+10, 3.411504142219112246e-01, 2.913372780703292197e-01
1.156000000000000000e+10, 3.068749222112605035e-01, 2.150340208025018629e-01
1.157000000000000000e+10, 2.756928094808743790e-01, 1.652226458203228665e-01
1.158000000000000000e+10, 2.492759078435930475e-01, 1.309480965004828357e-01
1.159000000000000000e+10, 2.272634748689123518e-01, 1.062672333571568345e-01
1.160000000000000000e+10, 2.088701521681059770e-01, 8.780770141043794941e-02
1.161000000000000000e+10, 1.934284617301609832e-01, 7.355704439505730829e-02
1.162000000000000000e+10, 1.803363523977697114e-01, 6.226003270969709263e-02
1.163000000000000000e+10, 1.691369052515102056e-01, 5.310054376949525923e-02
1.164000000000000000e+10, 1.594742985956617010e-01, 4.552918366900188946e-02
1.165000000000000000e+10, 1.510716036977953480e-01, 3.916462445641835655e-02
1.166000000000000000e+10, 1.437119512983482672e-01, 3.373503336990282819e-02
1.167000000000000000e+10, 1.372240425082427440e-01, 2.904204217056547896e-02
1.168000000000000000e+10, 1.314712967442609459e-01, 2.493786959883678364e-02
1.169000000000000000e+10, 1.263437788558519348e-01, 2.131037967894517174e-02
1.170000000000000000e+10, 1.217521830140459727e-01, 1.807307382823915981e-02
1.171000000000000000e+10, 1.176233230355132053e-01, 1.515823425463264269e-02
1.172000000000000000e+10, 1.138967254438244397e-01, 1.251212968983974813e-02
1.173000000000000000e+10, 1.105220332195435973e-01, 1.009160082512799636e-02
1.174000000000000000e+10, 1.074570095706926798e-01, 7.861587375096122307e-03
1.175000000000000000e+10, 1.046659893510986650e-01, 5.793309573068524884e-03
1.176000000000000000e+10, 1.021186672964574382e-01, 3.862912104515702112e-03
1.177000000000000000e+10, 9.978914188312285050e-02, 2.050439815355388495e-03
1.178000000000000000e+10, 9.765515485206081869e-02, 3.390547965811723722e-04
1.179000000000000000e+10, 9.569748175489173336e-02, -1.285568650327493633e-03
1.180000000000000000e+10, 9.389944000372528465e-02, -2.835716396342087033e-03
1.181000000000000000e+10, 9.224648905390908649e-02, -4.322006853274313817e-03
1.182000000000000000e+10, 9.072590335860308830e-02, -5.753687166978328250e-03
1.183000000000000000e+10, 8.932650320852560111e-02, -7.138870843891878537e-03
1.184000000000000000e+10, 8.803843192327491518e-02, -8.484729956081555821e-03
1.185000000000000000e+10, 8.685297039428427346e-02, -9.797651835595994410e-03
1.186000000000000000e+10, 8.576238191018270562e-02, -1.108336780006323637e-02
1.187000000000000000e+10, 8.475978167202395663e-02, -1.234705970114426989e-02
1.188000000000000000e+10, 8.383902655026796713e-02, -1.359344877852627573e-02
1.189000000000000000e+10, 8.299462152035633200e-02, -1.482687032072734640e-02
1.190000000000000000e+10, 8.222163990941908085e-02, -1.605133688566750400e-02
1.191000000000000000e+10, 8.151565513148334441e-02, -1.727059226511692622e-02
1.192000000000000000e+10, 8.087268202147968044e-02, -1.848815793714445391e-02
1.193000000000000000e+10, 8.028912622209440075e-02, -1.970737341184155417e-02
1.194000000000000000e+10, 7.976174035281898000e-02, -2.093143161117310205e-02
1.195000000000000000e+10, 7.928758591251473808e-02, -2.216341021816415485e-02
1.196000000000000000e+10, 7.886400004683152831e-02, -2.340629976843736776e-02
1.197000000000000000e+10, 7.848856645836145562e-02, -2.466302913296151977e-02
1.198000000000000000e+10, 7.815908985932742969e-02, -2.593648894219095433e-02
1.199000000000000000e+10, 7.787357346871488784e-02, -2.722955342937761689e-02
1.200000000000000000e+10, 7.763019914433209878e-02, -2.854510111637587749e-02
1.201000000000000000e+10, 7.742730982213014146e-02, -2.988603473356771581e-02
1.202000000000000000e+10, 7.726339401585125000e-02, -3.125530075196653046e-02
1.203000000000000000e+10, 7.713707222343291203e-02, -3.265590892217401509e-02
1.204000000000000000e+10, 7.704708521060769921e-02, -3.409095227145038376e-02
1.205000000000000000e+10, 7.699228433571539409e-02, -3.556362813939160233e-02
1.206000000000000000e+10, 7.697162442369548385e-02, -3.707726109970068545e-02
1.207000000000000000e+10, 7.698416037141860013e-02, -3.863532917539135025e-02
1.208000000000000000e+10, 7.702905011306060423e-02, -4.024149597638532194e-02
1.209000000000000000e+10, 7.710556996135439767e-02, -4.189965427097862294e-02
1.210000000000000000e+10, 7.721315711732779086e-02, -4.361399396423226021e-02
1.211000000000000000e+10, 7.735151992754001060e-02, -4.538912937181458634e-02
1.212000000000000000e+10, 7.752094598134022518e-02, -4.723039670004477303e-02
1.213000000000000000e+10, 7.772333261478701905e-02, -4.914476759478859924e-02
1.214000000000000000e+10, 7.796702122036124061e-02, -5.114499573484399680e-02
1.215000000000000000e+10, 7.831692347379051733e-02, -5.329223943225303711e-02
1.216000000000000000e+10, 7.810460171098339288e-02, -5.502575493171773385e-02
1.217000000000000000e+10, 7.862807659940165839e-02, -5.745347436379277112e-02
1.218000000000000000e+10, 7.898218111917761075e-02, -5.981526439560222452e-02
1.219000000000000000e+10, 7.933886947134657919e-02, -6.226488676072252509e-02
1.220000000000000000e+10, 7.971135967209569406e-02, -6.482226151419084870e-02
1.221000000000000000e+10, 8.010217466492276783e-02, -6.749901379893256947e-02
1.222000000000000000e+10, 8.051152287434906740e-02, -7.030570651302907315e-02
1.223000000000000000e+10, 8.093950119552718869e-02, -7.325404815508891609e-02
1.224000000000000000e+10, 8.137401686942663526e-02, -7.634281932300010509e-02
1.225000000000000000e+10, 8.183519306829080409e-02, -7.960977237192118361e-02
1.226000000000000000e+10, 8.230501197570813665e-02, -8.304976704363652151e-02
1.227000000000000000e+10, 8.278415426342657091e-02, -8.668127085897900375e-02
1.228000000000000000e+10, 8.326977231501467291e-02, -9.052070337903302122e-02
1.229000000000000000e+10, 8.375823928902156879e-02, -9.458595450740352184e-02
1.230000000000000000e+10, 8.424517244477176814e-02, -9.889678127189176216e-02
1.231000000000000000e+10, 8.472530947710320282e-02, -1.034751017079383190e-01
1.232000000000000000e+10, 8.519233024542467725e-02, -1.083453079273659497e-01
1.233000000000000000e+10, 8.563862923406311001e-02, -1.135346226640243789e-01
1.234000000000000000e+10, 8.605503043401482866e-02, -1.190735123185174965e-01
1.235000000000000000e+10, 8.643043052713156316e-02, -1.249961686573110298e-01
1.236000000000000000e+10, 8.675135095112435080e-02, -1.313410727212940832e-01
1.237000000000000000e+10, 8.700137296482068905e-02, -1.381516567694281994e-01
1.238000000000000000e+10, 8.716042132766674277e-02, -1.454770829001839350e-01
1.239000000000000000e+10, 8.720385073091110884e-02, -1.533731602308447406e-01
1.240000000000000000e+10, 8.710127343870528727e-02, -1.619034260210684417e-01
1.241000000000000000e+10, 8.681504500692838189e-02, -1.711404195768748970e-01
1.242000000000000000e+10, 8.629829496950693069e-02, -1.811671805414147574e-01
1.243000000000000000e+10, 8.549234747569899040e-02, -1.920790040153792511e-01
1.244000000000000000e+10, 8.432331786151842090e-02, -2.039854815205233152e-01
1.245000000000000000e+10, 8.269758753973557863e-02, -2.170128447661440751e-01
1.246000000000000000e+10, 8.049574039487322752e-02, -2.313066004202539161e-01
1.247000000000000000e+10, 7.756437278869049434e-02, -2.470343832483264390e-01
1.248000000000000000e+10, 7.370494065460711508e-02, -2.643888302478814567e-01
1.249000000000000000e+10, 6.865842624492982105e-02, -2.835900010572997010e-01
1.250000000000000000e+10, 6.208374604462641583e-02, -3.048858235571371700e-01
1.251000000000000000e+10, 5.360980503311552764e-02, -3.286942338250456452e-01
1.252000000000000000e+10, 4.240809882229538280e-02, -3.549120735218619371e-01
1.253000000000000000e+10, 2.788753973297906918e-02, -3.842259191741245195e-01
1.254000000000000000e+10, 8.887196282688173202e-03, -4.167798555156105311e-01
1.255000000000000000e+10, -1.607119285585053084e-02, -4.527267849195218408e-01
1.256000000000000000e+10, -4.897830013336254562e-02, -4.919630861178084791e-01
1.257000000000000000e+10, -9.247670884486423881e-02, -5.338607070495888784e-01
1.258000000000000000e+10, -1.499563611130234342e-01, -5.767978321348827819e-01
1.259000000000000000e+10, -2.254553956927126679e-01, -6.173875334286562655e-01
1.260000000000000000e+10, -3.230253513658792319e-01, -6.493596377609971437e-01
1.261000000000000000e+10, -4.449496240170398020e-01, -6.623597477612223061e-01
1.262000000000000000e+10, -5.881642528240863532e-01, -6.417859077406535828e-01
1.263000000000000000e+10, -7.394330349560646054e-01, -5.720881635323927794e-01
1.264000000000000000e+10, -8.733487077356847372e-01, -4.456220328160879207e-01
1.265000000000000000e+10, -9.599346707902580711e-01, -2.731771490234050637e-01
1.266000000000000000e+10, -9.812290322520936803e-01, -8.428114558318779148e-02
1.267000000000000000e+10, -9.419162226558055462e-01, 8.789837304770585502e-02
1.268000000000000000e+10, -8.628963316479912882e-01, 2.230681946544922911e-01
1.269000000000000000e+10, -7.670035068043279392e-01, 3.173965199870664722e-01
1.270000000000000000e+10, -6.703522311474285900e-01, 3.770661118023397873e-01
1.271000000000000000e+10, -5.813643239835588616e-01, 4.111603601571219291e-01
1.272000000000000000e+10, -5.031343948678558275e-01, 4.278551954797698009e-01
1.273000000000000000e+10, -4.358963826333016045e-01, 4.333038634183073445e-01
1.274000000000000000e+10, -3.786373750535769189e-01, 4.317562164685140869e-01
1.275000000000000000e+10, -3.299545437503673129e-01, 4.260194777838922642e-01
1.276000000000000000e+10, -2.884483265127540941e-01, 4.179034331680923087e-01
1.277000000000000000e+10, -2.528743303209471938e-01, 4.085580008230371707e-01
1.278000000000000000e+10, -2.221820718911158565e-01, 3.987080181801909151e-01
1.279000000000000000e+10, -1.955412448466634368e-01, 3.885850895970375252e-01
1.280000000000000000e+10, -1.721576783770710495e-01, 3.790483229812877108e-01
1.281000000000000000e+10, -1.515482747333675717e-01, 3.697056015043044264e-01
1.282000000000000000e+10, -1.332262336161451344e-01, 3.608102429495329555e-01
1.283000000000000000e+10, -1.168167930262489218e-01, 3.524058996693268941e-01
1.284000000000000000e+10, -1.020144131030496087e-01, 3.445054324212496466e-01
1.285000000000000000e+10, -8.856847555863057997e-02, 3.371036191934886905e-01
1.286000000000000000e+10, -7.627216723701231438e-02, 3.301844731166460600e-01
1.287000000000000000e+10, -6.495375281190281236e-02, 3.237258653537942732e-01
1.288000000000000000e+10, -5.446971099159793328e-02, 3.177024791025636619e-01
1.289000000000000000e+10, -4.469932215843054613e-02, 3.120876865661552091e-01
1.290000000000000000e+10, -3.554038360941886437e-02, 3.068547188823650962e-01
1.291000000000000000e+10, -2.690579816171021627e-02, 3.019773603824953967e-01
1.292000000000000000e+10, -1.872082971617697322e-02, 2.974302895151295645e-01
1.293000000000000000e+10, -1.092081567632175246e-02, 2.931890003843368175e-01
1.294000000000000000e+10, -3.448725700618685171e-03, 2.892279869638375578e-01
1.295000000000000000e+10, 3.781350530104263599e-03, 2.854229142843491274e-01
1.296000000000000000e+10, 1.068153985226131739e-02, 2.821193674026613030e-01
1.297000000000000000e+10, 1.743744566244188540e-02, 2.788868630040648444e-01
1.298000000000000000e+10, 2.402579576152668456e-02, 2.758679557043975383e-01
1.299000000000000000e+10, 3.047886708635012820e-02, 2.730412718834098196e-01
1.300000000000000000e+10, 3.682456658335789279e-02, 2.703904103736224362e-01
1.301000000000000000e+10, 4.308811131773777892e-02, 2.679004077663771910e-01
1.302000000000000000e+10, 4.929257207740243146e-02, 2.655571992008148863e-01
1.303000000000000000e+10, 5.545924126206771415e-02, 2.633474191252550556e-01
1.304000000000000000e+10, 6.160793139510494648e-02, 2.612582811669502125e-01
1.305000000000000000e+10, 6.775723442583103662e-02, 2.592774913073748744e-01
1.306000000000000000e+10, 7.392476146520603197e-02, 2.573931898204319113e-01
1.307000000000000000e+10, 8.012738833296023655e-02, 2.555939374258974217e-01
1.308000000000000000e+10, 8.638155759218614504e-02, 2.538687937114286752e-01
1.309000000000000000e+10, 9.270376992276313510e-02, 2.522076284191058781e-01
1.310000000000000000e+10, 9.911170197432299378e-02, 2.506021420241654751e-01
1.311000000000000000e+10, 1.056278446569796498e-01, 2.490496743392535406e-01
1.312000000000000000e+10, 1.122984972000038578e-01, 2.475739024629611540e-01
1.313000000000000000e+10, 1.195090089181029269e-01, 2.465704769125754980e-01
1.314000000000000000e+10, 1.252341078762496673e-01, 2.437863058521982373e-01
1.315000000000000000e+10, 1.324913411201894264e-01, 2.425126310201542457e-01
1.316000000000000000e+10, 1.397060700772471409e-01, 2.409878745968352665e-01
1.317000000000000000e+10, 1.470594146374039346e-01, 2.393831113549197420e-01
1.318000000000000000e+10, 1.545867800729112951e-01, 2.377078976117539266e-01
1.319000000000000000e+10, 1.623075271362237892e-01, 2.359532619149954102e-01
1.320000000000000000e+10, 1.702370652018638519e-01, 2.341049136546720366e-01
1.321000000000000000e+10, 1.783894116250331063e-01, 2.321459444758032509e-01
1.322000000000000000e+10, 1.867779525142122532e-01, 2.300575519397567159e-01
1.323000000000000000e+10, 1.954157044069552707e-01, 2.278192183818847083e-01
1.324000000000000000e+10, 2.043153958982645846e-01, 2.254086975851408436e-01
1.325000000000000000e+10, 2.134894671381933895e-01, 2.228019186394601114e-01
1.326000000000000000e+10, 2.229500214438240036e-01, 2.199728467143251265e-01
1.327000000000000000e+10, 2.327087414001582366e-01, 2.168933169725599519e-01
1.328000000000000000e+10, 2.427767731165189902e-01, 2.135328489684095443e-01
1.329000000000000000e+10, 2.531645783115776260e-01, 2.098584452928667909e-01
1.330000000000000000e+10, 2.638817517386342626e-01, 2.058343768247389849e-01
1.331000000000000000e+10, 2.749368000787728583e-01, 2.014219565517481325e-01
1.332000000000000000e+10, 2.863368773705168846e-01, 1.965793040881445575e-01
1.333000000000000000e+10, 2.980874711343307060e-01, 1.912611035502255752e-01
1.334000000000000000e+10, 3.101920325074967733e-01, 1.854183582989452350e-01
1.335000000000000000e+10, 3.226515429057716378e-01, 1.789981472130961482e-01
1.336000000000000000e+10, 3.354640089899711408e-01, 1.719433886401882938e-01
1.337000000000000000e+10, 3.486238770567418044e-01, 1.641926200283075621e-01
1.338000000000000000e+10, 3.621213574768175070e-01, 1.556798035211071074e-01
1.339000000000000000e+10, 3.759416495301251548e-01, 1.463341705528087289e-01
1.340000000000000000e+10, 3.900640570798137308e-01, 1.360801217687917786e-01
1.341000000000000000e+10, 4.044609861276510787e-01, 1.248372024609857994e-01
1.342000000000000000e+10, 4.190968166214645296e-01, 1.125201781651590238e-01
1.343000000000000000e+10, 4.339266431913293975e-01, 9.903924011284891138e-02
1.344000000000000000e+10, 4.488948831356399105e-01, 8.430037575083931811e-02
1.345000000000000000e+10, 4.639337553587131735e-01, 6.820594535389858104e-02
1.346000000000000000e+10, 4.789616416607768157e-01, 5.065551140970031563e-02
1.347000000000000000e+10, 4.938813525900231372e-01, 3.154697210748664410e-02
1.348000000000000000e+10, 5.085783353531588835e-01, 1.077805207390073947e-02
1.349000000000000000e+10, 5.229188841785730180e-01, -1.175180209822734162e-02
1.350000000000000000e+10, 5.367484535091511244e-01, -3.613910085928519894e-02
1.351000000000000000e+10, 5.498902691158374934e-01, -6.247364640356661142e-02
1.352000000000000000e+10, 5.621447806435982963e-01, -9.083605975870116811e-02
1.353000000000000000e+10, 5.732927100832124756e-01, -1.212990859859081755e-01
1.354000000000000000e+10, 5.831420763454312484e-01, -1.539885796888232627e-01
1.355000000000000000e+10, 5.909380142977171957e-01, -1.882573679829942781e-01
1.356000000000000000e+10, 5.972248476721858657e-01, -2.252634303907586621e-01
1.357000000000000000e+10, 6.011448155080691969e-01, -2.642087012624569353e-01
1.358000000000000000e+10, 6.024468319396745208e-01, -3.051152176415893869e-01
1.359000000000000000e+10, 6.007916323525483993e-01, -3.478461290380051030e-01
1.360000000000000000e+10, 5.958309240616657121e-01, -3.921988614443685517e-01
1.361000000000000000e+10, 5.872220147492003273e-01, -4.379073381097581263e-01
1.362000000000000000e+10, 5.746402331130701091e-01, -4.846404034951998230e-01
1.363000000000000000e+10, 5.577921403278334189e-01, -5.320016232199890061e-01
1.364000000000000000e+10, 5.364295334481758992e-01, -5.795317229907738232e-01
1.365000000000000000e+10, 5.103636441730026174e-01, -6.267142803532582684e-01
1.366000000000000000e+10, 4.794786672279187645e-01, -6.729849725300558472e-01
1.367000000000000000e+10, 4.437436026953266999e-01, -7.177443775737657461e-01
1.368000000000000000e+10, 4.032213559634504341e-01, -7.603739832022951006e-01
1.369000000000000000e+10, 3.580741236469380251e-01, -8.002546996003503388e-01
1.370000000000000000e+10, 3.085643115634758016e-01, -8.367868438902876793e-01
1.371000000000000000e+10, 2.550505694064907902e-01, -8.694103171669081975e-01
1.372000000000000000e+10, 1.979789505900230173e-01, -8.976235771117374584e-01
1.373000000000000000e+10, 1.378696596496018778e-01, -9.210000501502593195e-01
1.374000000000000000e+10, 7.530026804485555336e-02, -9.392008308902251024e-01
1.375000000000000000e+10, 1.088659982459083859e-02, -9.519828582756011404e-01
1.376000000000000000e+10, -5.473733483887208845e-02, -9.592021879081651381e-01
1.377000000000000000e+10, -1.209389680130484868e-01, -9.608124343985853244e-01
1.378000000000000000e+10, -1.871051174611068624e-01, -9.568588716988259968e-01
1.379000000000000000e+10, -2.526572637012358125e-01, -9.474690006149009136e-01
1.380000000000000000e+10, -3.170635167598913062e-01, -9.328405896380199680e-01
1.381000000000000000e+10, -3.798469847177441405e-01, -9.132282604369738044e-01
1.382000000000000000e+10, -4.405905830123998390e-01, -8.889296368026256001e-01
1.383000000000000000e+10, -4.989385872382995912e-01, -8.602719341689334387e-01
1.384000000000000000e+10, -5.545954151956554723e-01, -8.275996712700596225e-01
1.385000000000000000e+10, -6.073222239419939772e-01, -7.912639703300965444e-01
1.386000000000000000e+10, -6.569319339244612532e-01, -7.516137055895313335e-01
1.387000000000000000e+10, -7.032832611982736681e-01, -7.089885813493069788e-01
1.388000000000000000e+10, -7.462742689641943539e-01, -6.637140804380466941e-01
1.389000000000000000e+10, -7.858358588825291591e-01, -6.160981247782867376e-01
1.390000000000000000e+10, -8.219255254207014083e-01, -5.664292286999725867e-01
1.391000000000000000e+10, -8.545216034423228635e-01, -5.149758966812002514e-01
1.392000000000000000e+10, -8.836181570065643198e-01, -4.619870127679421290e-01
1.393000000000000000e+10, -9.092205891550513286e-01, -4.076929815507576160e-01
1.394000000000000000e+10, -9.313419991006393062e-01, -3.523074036349312377e-01
1.395000000000000000e+10, -9.500002737248448570e-01, -2.960290966591468953e-01
1.396000000000000000e+10, -9.652158727542314853e-01, -2.390443019141547110e-01
1.397000000000000000e+10, -9.770102490305322407e-01, -1.815289431394307706e-01
1.398000000000000000e+10, -9.854048343787291664e-01, -1.236508243637743781e-01
1.399000000000000000e+10, -9.904205148015896576e-01, -6.557166029166723586e-02
1.400000000000000000e+10, -9.920775113627606778e-01, -7.448802061224966964e-03
1.401000000000000000e+10, -9.903955611492727407e-01, 5.056364535891241796e-02
1.402000000000000000e+10, -9.853941849345524417e-01, 1.083154657406359272e-01
1.403000000000000000e+10, -9.770920235861072500e-01, 1.656701547535857633e-01
1.404000000000000000e+10, -9.654864968862604258e-01, 2.226686416135521540e-01
1.405000000000000000e+10, -9.507572757270477126e-01, 2.779555370194700670e-01
1.406000000000000000e+10, -9.326961031018423665e-01, 3.332227528884501577e-01
1.407000000000000000e+10, -9.114702272320397425e-01, 3.872724437313459500e-01
1.408000000000000000e+10, -8.871045279005832507e-01, 4.400620406053695755e-01
1.409000000000000000e+10, -8.596448329469299487e-01, 4.914371073142873025e-01
1.410000000000000000e+10, -8.291462388236233716e-01, 5.412299107941171972e-01
1.411000000000000000e+10, -7.956727476246160391e-01, 5.892684387683854164e-01
1.412000000000000000e+10, -7.592976129486118664e-01, 6.353787852465290209e-01
1.413000000000000000e+10, -7.201036588188257648e-01, 6.793863885145714487e-01
1.414000000000000000e+10, -6.781833947457698297e-01, 7.211170275467426727e-01
1.415000000000000000e+10, -6.336387422229968758e-01, 7.603978622809368648e-01
1.416000000000000000e+10, -5.865798934923617258e-01, 7.970588407221269600e-01
1.417000000000000000e+10, -5.371216332035906316e-01, 8.309354468259765314e-01
1.418000000000000000e+10, -4.853695355309556869e-01, 8.618771378874096056e-01
1.419000000000000000e+10, -4.313412813709526228e-01, 8.897926871408801119e-01
1.420000000000000000e+10, -3.732722471699354005e-01, 9.156086640138573207e-01
1.421000000000000000e+10, -3.203035562747680864e-01, 9.340677028766700696e-01
1.422000000000000000e+10, -2.605738293591935983e-01, 9.518780945083079592e-01
1.423000000000000000e+10, -2.000359167297228735e-01, 9.655992763497709408e-01
1.424000000000000000e+10, -1.384465925344475212e-01, 9.753456824555594151e-01
1.425000000000000000e+10, -7.595893624407859535e-02, 9.810146427109870393e-01
1.426000000000000000e+10, -1.275984750497156234e-02, 9.824859118982479655e-01
1.427000000000000000e+10, 5.147209229806370273e-02, 9.797020819327036945e-01
1.428000000000000000e+10, 1.136078225024024224e-01, 9.722158387529584722e-01
1.429000000000000000e+10, 1.772472546445303665e-01, 9.603803528063803441e-01
1.430000000000000000e+10, 2.401236475464525455e-01, 9.438800263553969172e-01
1.431000000000000000e+10, 3.020327479265973447e-01, 9.226675077760279065e-01
1.432000000000000000e+10, 3.625990135408155846e-01, 8.967057415559961386e-01
1.433000000000000000e+10, 4.214009614607918119e-01, 8.659900372690741976e-01
1.434000000000000000e+10, 4.779855012645603529e-01, 8.305574806361099016e-01
1.435000000000000000e+10, 5.318740954963265821e-01, 7.904958267982324926e-01
1.436000000000000000e+10, 5.825691959991116109e-01, 7.459524638208935299e-01
1.437000000000000000e+10, 6.295626953848818541e-01, 6.971430700094839450e-01
1.438000000000000000e+10, 6.723469586311415780e-01, 6.443592966370776942e-01
1.439000000000000000e+10, 7.104285600792366040e-01, 5.879746364945918069e-01
1.440000000000000000e+10, 7.433445106890538279e-01, 5.284475430082936631e-01
1.441000000000000000e+10, 7.706804087142818949e-01, 4.663208641316378134e-01
1.442000000000000000e+10, 7.920895839920978343e-01, 4.022167777121689602e-01
1.443000000000000000e+10, 8.073119708526000915e-01, 3.368266796629205140e-01
1.444000000000000000e+10, 8.161911951860502112e-01, 2.708958813942512478e-01
1.445000000000000000e+10, 8.186882595833662180e-01, 2.052034887381517236e-01
1.446000000000000000e+10, 8.148903071751449900e-01, 1.405384002998687487e-01
1.447000000000000000e+10, 8.050132621199341809e-01, 7.767289367133758948e-02
1.448000000000000000e+10, 7.893976643817192107e-01, 1.733566871577342863e-02
1.449000000000000000e+10, 7.684976762858738430e-01, -3.981359457344679081e-02
1.450000000000000000e+10, 7.428639408878797701e-01, -9.320617929247286548e-02
1.451000000000000000e+10, 7.131216044948307520e-01, -1.423811265716010688e-01
1.452000000000000000e+10, 6.799452751311746423e-01, -1.869957785179317544e-01
1.453000000000000000e+10, 6.440329069584691535e-01, -2.268296302466840109e-01
1.454000000000000000e+10, 6.060805579548637079e-01, -2.617817262970820180e-01
1.455000000000000000e+10, 5.667596945970087008e-01, -2.918624177147655652e-01
1.456000000000000000e+10, 5.266982809149070022e-01, -3.171807097920276708e-01
1.457000000000000000e+10, 4.864663765115194161e-01, -3.379286428063412728e-01
1.458000000000000000e+10, 4.465664631421610298e-01, -3.543641649988055753e-01
1.459000000000000000e+10, 4.074282880438573340e-01, -3.667938150716864021e-01
1.460000000000000000e+10, 3.694076937380232906e-01, -3.755562839632845540e-01
1.461000000000000000e+10, 3.327887108835907437e-01, -3.810076286186532268e-01
1.462000000000000000e+10, 2.977881137244283161e-01, -3.835086121347225374e-01
1.463000000000000000e+10, 2.645616538704456677e-01, -3.834143795918277808e-01
1.464000000000000000e+10, 2.332112690631172602e-01, -3.810664667630607738e-01
1.465000000000000000e+10, 2.037926813135758075e-01, -3.767869863138678110e-01
1.466000000000000000e+10, 1.763229300480747552e-01, -3.708747401441485070e-01
1.467000000000000000e+10, 1.507875136031659458e-01, -3.636029585048271007e-01
1.468000000000000000e+10, 1.271469258447741613e-01, -3.552183553210646605e-01
1.469000000000000000e+10, 1.053424684427951702e-01, -3.459412035669370833e-01
1.470000000000000000e+10, 8.530129205854956875e-02, -3.359661647038673093e-01
1.471000000000000000e+10, 6.694067252848583116e-02, -3.254636443047065342e-01
1.472000000000000000e+10, 5.017156388636202086e-02, -3.145814862737972839e-01
1.473000000000000000e+10, 3.490149180191658845e-02, -3.034468568235972330e-01
1.474000000000000000e+10, 2.103686219612009578e-02, -2.921682042596810969e-01
1.475000000000000000e+10, 8.484763217277644862e-03, -2.808372106417266756e-01
1.476000000000000000e+10, -2.845663033848380274e-03, -2.695306762236401310e-01
1.477000000000000000e+10, -1.304220775756377917e-02, -2.583122974533211269e-01
1.478000000000000000e+10, -2.218887736024198476e-02, -2.472343147654257611e-01
1.479000000000000000e+10, -3.036541343214644792e-02, -2.363390180411627517e-01
1.480000000000000000e+10, -3.764700205363921692e-02, -2.256601061122669449e-01
1.481000000000000000e+10, -4.410413114893607656e-02, -2.152239026661501853e-01
1.482000000000000000e+10, -4.980256144373718802e-02, -2.050504349227395273e-01
1.483000000000000000e+10, -5.480338265974562389e-02, -1.951543839612889797e-01
1.484000000000000000e+10, -5.916313186169352284e-02, -1.855459169763316873e-01
1.485000000000000000e+10, -6.293395537785954896e-02, -1.762314123293477475e-01
1.486000000000000000e+10, -6.616379950018058675e-02, -1.672140882896121228e-01
1.487000000000000000e+10, -6.889661830762155992e-02, -1.584945460092980207e-01
1.488000000000000000e+10, -7.117258952034451192e-02, -1.500712366795860231e-01
1.489000000000000000e+10, -7.302833136722856888e-02, -1.419408620900307061e-01
1.490000000000000000e+10, -7.449711510006104542e-02, -1.340987170156590635e-01
1.491000000000000000e+10, -7.560906908662862191e-02, -1.265389810501323375e-01
1.492000000000000000e+10, -7.639137141287070942e-02, -1.192549667189892609e-01
1.493000000000000000e+10, -7.686842867341035779e-02, -1.122393299652686555e-01
1.494000000000000000e+10, -7.706203916513838792e-02, -1.054842484211232778e-01
1.495000000000000000e+10, -7.699153905558454858e-02, -9.898157226506669459e-02
1.496000000000000000e+10, -7.667393029546912264e-02, -9.272295192502734429e-02
1.497000000000000000e+10, -7.612398910014209208e-02, -8.669994642079342784e-02
1.498000000000000000e+10, -7.535435374592829028e-02, -8.090411574965396257e-02
1.499000000000000000e+10, -7.437559021039109874e-02, -7.532710040581096222e-02
1.500000000000000000e+10, -7.319623382207020301e-02, -6.996069089010126252e-02
